name,exchange,industry,environment_grade,environment_level,social_grade,social_level,governance_grade,governance_level,environment_score,social_score,governance_score,total_score,total_grade,total_level
Walt Disney Co,1,31,5,2,3,1,3,1,510,316.0,321.0,1147,4,2
General Motors Co,1,4,5,2,3,1,2,1,510,303.0,255.0,1068,4,2
WW Grainger Inc,1,45,2,1,3,1,2,1,255,385.0,240.0,880,3,1
Mohawk Industries Inc,1,13,5,2,2,1,3,1,570,298.0,303.0,1171,4,2
Live Nation Entertainment Inc,1,31,4,2,3,1,2,1,492,310.0,250.0,1052,4,2
Las Vegas Sands Corp,1,22,5,2,3,1,3,1,547,318.0,313.0,1178,4,2
Clorox Co,1,13,5,2,3,1,3,1,560,350.0,345.0,1255,5,2
ATA Creativity Global,0,15,2,1,2,1,2,1,203,200.0,205.0,608,2,1
American Airlines Group Inc,0,2,2,1,2,1,2,1,270,211.0,265.0,746,2,1
Atlantic American Corp,0,25,2,1,2,1,3,1,220,221.0,300.0,741,2,1
Applied Optoelectronics Inc,0,11,3,1,2,1,2,1,311,256.0,218.0,785,3,1
Aaon Inc,0,8,5,2,3,1,2,1,500,300.0,223.0,1023,4,2
Apple Inc,0,41,3,1,2,1,2,1,355,281.0,255.0,891,3,1
Autoscope Technologies Corp,0,16,4,2,2,1,2,1,410,286.0,240.0,936,4,2
Atlas Air Worldwide Holdings Inc,0,28,5,2,2,1,2,1,520,243.0,237.0,1000,4,2
Armada Acquisition Corp I,0,47,2,1,2,1,2,1,205,200.0,200.0,605,2,1
Aadi Bioscience Inc,0,7,2,1,2,1,2,1,200,201.0,203.0,604,2,1
Abeona Therapeutics Inc,0,7,2,1,3,1,3,1,205,306.0,310.0,821,3,1
Airbnb Inc,0,22,5,2,5,2,4,2,505,442.375,400.0,1475,5,2
ARCA Biopharma Inc,0,7,2,1,2,1,2,1,200,222.0,290.0,712,2,1
ABIOMED Inc,0,21,5,2,3,1,3,1,500,324.0,305.0,1129,4,2
Acumen Pharmaceuticals Inc,0,7,2,1,2,1,2,1,205,201.0,200.0,606,2,1
Absci Corp,0,27,2,1,2,1,2,1,205,224.0,230.0,659,2,1
Allegiance Bancshares Inc,0,5,2,1,3,1,3,1,298,300.0,300.0,898,3,1
Arbutus Biopharma Corp,0,7,2,1,2,1,3,1,203,204.0,338.0,745,2,1
ABVC Biopharma Inc,0,7,2,1,2,1,2,1,220,212.0,205.0,637,2,1
ACADIA Pharmaceuticals Inc,0,7,2,1,2,1,3,1,230,230.0,305.0,765,3,1
Acri Capital Acquisition Corp,0,47,2,1,2,1,3,1,200,205.0,300.0,705,2,1
Accolade Inc,0,21,2,1,2,1,2,1,255,254.0,235.0,744,2,1
Adicet Bio Inc,0,7,2,1,2,1,3,1,215,211.0,305.0,731,2,1
Abcellera Biologics Inc,0,27,5,2,3,1,3,1,540,354.0,345.0,1239,5,2
Ameris Bancorp,0,5,2,1,3,1,2,1,290,300.0,250.0,840,3,1
ACE Convergence Acquisition Corp,0,47,2,1,2,1,2,1,225,211.0,215.0,651,2,1
Achilles Therapeutics PLC,0,7,2,1,2,1,2,1,230,288.0,285.0,803,3,1
Acadia Healthcare Company Inc,0,21,3,1,2,1,2,1,330,231.0,220.0,781,3,1
ACI Worldwide Inc,0,41,5,2,3,1,3,1,500,327.0,300.0,1127,4,2
Axcelis Technologies Inc,0,40,5,2,3,1,2,1,515,306.0,260.0,1081,4,2
AC Immune SA,0,7,2,1,2,1,3,1,250,296.0,305.0,851,3,1
Achieve Life Sciences Inc,0,7,2,1,2,1,3,1,215,222.0,305.0,742,2,1
ACM Research Inc,0,40,4,2,2,1,3,1,410,232.0,325.0,967,4,2
Acorda Therapeutics Inc,0,7,2,1,3,1,3,1,230,307.0,310.0,847,3,1
ACNB Corp,0,5,2,1,2,1,2,1,220,219.0,215.0,654,2,1
Aclaris Therapeutics Inc,0,35,2,1,2,1,2,1,230,207.0,220.0,657,2,1
AcelRx Pharmaceuticals Inc,0,35,2,1,2,1,3,1,200,237.0,300.0,737,2,1
Enact Holdings Inc,0,19,5,2,3,1,3,1,540,328.0,315.0,1183,4,2
Acacia Research Corp,0,19,2,1,2,1,2,1,200,200.0,275.0,675,2,1
ACV Auctions Inc,0,10,2,1,2,1,3,1,235,262.0,315.0,812,3,1
Adagene Inc,0,7,2,1,3,1,3,1,295,301.0,305.0,901,4,2
Acurx Pharmaceuticals Inc,0,7,2,1,3,1,3,1,235,301.0,305.0,841,3,1
Adobe Inc,0,41,2,1,2,1,2,1,200,221.0,200.0,621,2,1
Adaptimmune Therapeutics PLC,0,7,3,1,2,1,3,1,365,283.0,305.0,953,4,2
ADMA Biologics Inc,0,7,2,1,2,1,3,1,240,264.0,320.0,824,3,1
Advanced Emissions Solutions Inc,0,9,2,1,2,1,3,1,205,201.0,300.0,706,2,1
Analog Devices Inc,0,40,3,1,3,1,3,1,350,318.0,300.0,968,4,2
Adial Pharmaceuticals Inc,0,35,2,1,2,1,3,1,200,203.0,300.0,703,2,1
Adamis Pharmaceuticals Corp,0,35,2,1,2,1,2,1,285,204.0,215.0,704,2,1
Acer Therapeutics Inc,0,35,2,1,2,1,3,1,223,291.0,310.0,824,3,1
Edoc Acquisition Corp,0,47,2,1,3,1,3,1,215,301.0,300.0,816,3,1
Addus Homecare Corp,0,21,2,1,2,1,2,1,210,215.0,218.0,643,2,1
Arch Capital Group Ltd,0,25,5,2,3,1,3,1,500,300.0,300.0,1100,4,2
Adaptive Biotechnologies Corp,0,27,2,1,3,1,2,1,260,348.0,260.0,868,3,1
Autodesk Inc,0,41,5,2,3,1,3,1,555,304.0,310.0,1169,4,2
Automatic Data Processing Inc,0,41,5,2,3,1,2,1,500,300.0,200.0,1000,4,2
Aditxt Inc,0,7,2,1,2,1,3,1,210,224.0,305.0,739,2,1
Advantage Solutions Inc,0,31,5,2,2,1,3,1,515,269.0,328.0,1112,4,2
Adverum Biotechnologies Inc,0,7,2,1,3,1,2,1,262,321.0,235.0,818,3,1
Aehr Test Systems,0,40,2,1,2,1,3,1,290,262.0,300.0,852,3,1
Antelope Enterprise Holdings Ltd,0,8,2,1,2,1,3,1,238,237.0,325.0,800,3,1
Alset Ehome International Inc,0,37,5,2,2,1,2,1,520,207.0,210.0,937,4,2
Advanced Energy Industries Inc,0,16,5,2,3,1,3,1,500,300.0,300.0,1100,4,2
American Electric Power Company Inc,0,46,5,2,3,1,3,1,500,300.0,300.0,1100,4,2
Aethlon Medical Inc,0,21,2,1,2,1,3,1,200,262.0,315.0,777,3,1
Allied Esports Entertainment Inc,0,22,2,1,2,1,2,1,200,200.0,200.0,600,2,1
AudioEye Inc,0,41,2,1,3,1,3,1,235,301.0,308.0,844,3,1
Aerie Pharmaceuticals Inc,0,35,5,2,2,1,3,1,500,264.0,310.0,1074,4,2
ADDvantage Technologies Group Inc,0,16,2,1,2,1,3,1,235,234.0,300.0,769,3,1
AF Acquisition Corp,0,47,2,1,2,1,2,1,200,200.0,200.0,600,2,1
Affimed NV,0,7,3,1,3,1,3,1,368,304.0,310.0,982,4,2
AFC Gamma Inc,0,37,2,1,2,1,2,1,255,204.0,226.0,685,2,1
Affinity Bancshares Inc,0,5,2,1,2,1,2,1,200,207.0,200.0,607,2,1
Affirm Holdings Inc,0,41,2,1,3,1,3,1,225,335.0,335.0,895,3,1
Acutus Medical Inc,0,21,2,1,2,1,2,1,205,211.0,235.0,651,2,1
Agenus Inc,0,7,2,1,2,1,3,1,290,245.0,300.0,835,3,1
Afya Ltd,0,15,2,1,2,1,2,1,290,203.0,205.0,698,2,1
AgroFresh Solutions Inc,0,9,5,2,3,1,2,1,500,301.0,275.0,1076,4,2
Agrify Corp,0,29,5,2,3,1,3,1,540,361.0,305.0,1206,5,2
AgileThought Inc,0,41,3,1,2,1,3,1,340,299.0,305.0,944,4,2
AGM Group Holdings Inc,0,19,2,1,2,1,2,1,205,204.0,210.0,619,2,1
Agios Pharmaceuticals Inc,0,7,5,2,3,1,3,1,520,303.0,325.0,1148,4,2
Aeglea Bio Therapeutics Inc,0,7,2,1,2,1,2,1,205,223.0,200.0,628,2,1
AGNC Investment Corp,0,37,3,1,2,1,3,1,382,242.0,305.0,929,4,2
AgriFORCE Growing Systems Ltd,0,20,5,2,2,1,3,1,510,248.0,305.0,1063,4,2
Agile Therapeutics Inc,0,35,2,1,2,1,2,1,240,203.0,260.0,703,2,1
Agilysys Inc,0,41,5,2,3,1,3,1,500,303.0,300.0,1103,4,2
Applied Genetic Technologies Corp,0,7,2,1,3,1,3,1,235,323.0,305.0,863,3,1
Adapthealth Corp,0,21,2,1,2,1,2,1,210,211.0,235.0,656,2,1
Allied Healthcare Products Inc,0,21,2,1,2,1,3,1,210,228.0,325.0,763,3,1
AIB Acquisition Corp,0,47,2,1,2,1,3,1,215,227.0,300.0,742,2,1
ADTRAN Inc,0,11,5,2,3,1,3,1,510,308.0,300.0,1118,4,2
Advent Technologies Holdings Inc,0,16,2,1,2,1,2,1,250,203.0,220.0,673,2,1
Aikido Pharma Inc,0,7,2,1,2,1,2,1,200,235.0,205.0,640,2,1
Sports Ventures Acquisition Corp,0,47,2,1,2,1,2,1,200,205.0,230.0,635,2,1
Arteris Inc,0,41,5,2,2,1,3,1,500,286.0,300.0,1086,4,2
Akero Therapeutics Inc,0,7,2,1,2,1,3,1,250,246.0,305.0,801,3,1
Air T Inc,0,28,2,1,2,1,3,1,234,210.0,325.0,769,3,1
Altra Industrial Motion Corp,0,29,5,2,3,1,3,1,525,315.0,305.0,1145,4,2
Akebia Therapeutics Inc,0,7,2,1,2,1,2,1,200,218.0,215.0,633,2,1
Airgain Inc,0,16,5,2,3,1,3,1,500,300.0,330.0,1130,4,2
Airsculpt Technologies Inc,0,21,2,1,2,1,2,1,210,201.0,205.0,616,2,1
Akamai Technologies Inc,0,41,5,2,3,1,3,1,515,341.0,305.0,1161,4,2
Akumin Inc,0,21,4,2,3,1,3,1,455,347.0,300.0,1102,4,2
Akouos Inc,0,7,2,1,2,1,2,1,205,221.0,295.0,721,2,1
Akoustis Technologies Inc,0,16,2,1,3,1,4,2,222,302.0,422.5,952,4,2
Akari Therapeutics PLC,0,35,2,1,2,1,3,1,225,216.0,305.0,746,2,1
Albireo Pharma Inc,0,7,5,2,3,1,3,1,500,300.0,310.0,1110,4,2
Akoya Biosciences Inc,0,27,5,2,3,1,2,1,512,303.0,215.0,1030,4,2
Alico Inc,0,20,5,2,3,1,3,1,500,300.0,300.0,1100,4,2
Aldeyra Therapeutics Inc,0,7,2,1,2,1,2,1,231,261.0,235.0,727,2,1
Alector Inc,0,7,2,1,2,1,3,1,240,277.0,300.0,817,3,1
Allegro Microsystems Inc,0,40,5,2,3,1,2,1,542,314.0,250.0,1106,4,2
Alfi Inc,0,41,2,1,2,1,3,1,225,260.0,315.0,800,3,1
Align Technology Inc,0,21,2,1,2,1,2,1,235,285.0,255.0,775,3,1
Aligos Therapeutics Inc,0,7,2,1,2,1,2,1,210,222.0,235.0,667,2,1
Alignment Healthcare LLC,0,47,2,1,3,1,2,1,210,302.0,256.0,768,3,1
Alkermes Plc,0,7,4,2,3,1,3,1,415,302.0,333.0,1050,4,2
Alimera Sciences Inc,0,35,2,1,2,1,2,1,220,228.0,243.0,691,2,1
Allegiant Travel Co,0,2,2,1,2,1,2,1,287,208.0,248.0,743,2,1
Aesthetic Medical International Holdings Group Ltd,0,21,2,1,2,1,3,1,220,250.0,300.0,770,3,1
Alkami Technology Inc,0,41,2,1,3,1,2,1,280,305.0,260.0,845,3,1
Alnylam Pharmaceuticals Inc,0,7,3,1,3,1,3,1,331,346.0,325.0,1002,4,2
Allot Ltd,0,41,5,2,3,1,3,1,508,324.0,310.0,1142,4,2
Allogene Therapeutics Inc,0,7,5,2,3,1,3,1,535,324.0,305.0,1164,4,2
Applied Materials Inc,0,40,5,2,3,1,3,1,525,317.0,300.0,1142,4,2
Advanced Micro Devices Inc,0,40,2,1,2,1,2,1,200,208.0,200.0,608,2,1
Activision Blizzard Inc,0,31,2,1,3,1,3,1,280,347.0,330.0,957,4,2
Broadcom Inc,0,40,2,1,2,1,2,1,210,212.0,200.0,622,2,1
ANSYS Inc,0,41,5,2,3,1,2,1,580,337.0,285.0,1202,5,2
Amazon.com Inc,0,38,6,3,3,1,4,2,668,305.0,422.5,1433,5,2
Senmiao Technology Ltd,0,19,2,1,2,1,2,1,220,203.0,200.0,623,2,1
APA Corp (US),0,17,5,2,3,1,3,1,510,316.0,325.0,1151,4,2
Biogen Inc,0,7,3,1,3,1,3,1,380,303.0,364.0,1047,4,2
Booking Holdings Inc,0,22,5,2,3,1,3,1,558,306.0,310.0,1174,4,2
Cadence Design Systems Inc,0,41,5,2,3,1,2,1,500,308.0,295.0,1103,4,2
CDW Corp,0,16,2,1,2,1,2,1,225,209.0,200.0,634,2,1
CH Robinson Worldwide Inc,0,28,5,2,3,1,3,1,575,330.0,338.0,1243,5,2
Cincinnati Financial Corp,0,25,2,1,2,1,2,1,235,275.0,250.0,760,3,1
Charter Communications Inc,0,31,5,2,3,1,3,1,500,300.0,300.0,1100,4,2
Comcast Corp,0,31,5,2,3,1,3,1,507,343.0,315.0,1165,4,2
Copart Inc,0,10,2,1,2,1,2,1,270,204.0,205.0,679,2,1
Costco Wholesale Corp,0,38,5,2,3,1,2,1,537,306.0,225.0,1068,4,2
CSX Corp,0,39,5,2,3,1,3,1,510,310.0,325.0,1145,4,2
Cognizant Technology Solutions Corp,0,41,6,3,3,1,3,1,605,365.0,300.0,1270,5,2
CME Group Inc,0,19,3,1,2,1,2,1,375,237.0,200.0,812,3,1
Cisco Systems Inc,0,11,2,1,2,1,2,1,280,234.0,220.0,734,2,1
Cintas Corp,0,10,5,2,3,1,3,1,500,300.0,300.0,1100,4,2
Citrix Systems Inc,0,41,5,2,3,1,3,1,530,305.0,305.0,1140,4,2
Caesars Entertainment Inc,0,22,2,1,2,1,2,1,265,228.0,200.0,693,2,1
DISH Network Corp,0,31,2,1,2,1,2,1,210,263.0,205.0,678,2,1
Dollar Tree Inc,0,38,2,1,2,1,2,1,235,208.0,215.0,658,2,1
Dexcom Inc,0,21,2,1,2,1,2,1,215,236.0,215.0,666,2,1
Electronic Arts Inc,0,31,3,1,3,1,2,1,360,300.0,225.0,885,3,1
Alliant Energy Corp,0,46,5,2,3,1,3,1,519,307.0,300.0,1126,4,2
Diamondback Energy Inc,0,17,5,2,2,1,3,1,513,271.0,300.0,1084,4,2
eBay Inc,0,38,5,2,3,1,3,1,500,302.0,305.0,1107,4,2
LKQ Corp,0,14,5,2,3,1,3,1,515,300.0,305.0,1120,4,2
Alphabet Inc,0,31,2,1,3,1,3,1,295,362.0,355.0,1012,4,2
Marriott International Inc,0,22,2,1,2,1,2,1,215,200.0,215.0,630,2,1
Microchip Technology Inc,0,40,5,2,3,1,3,1,500,300.0,300.0,1100,4,2
Lam Research Corp,0,40,5,2,3,1,3,1,510,325.0,315.0,1150,4,2
Mondelez International Inc,0,20,5,2,3,1,3,1,520,307.0,300.0,1127,4,2
Meta Platforms Inc,0,31,2,1,2,1,2,1,205,232.0,215.0,652,2,1
Marketaxess Holdings Inc,0,19,2,1,2,1,2,1,230,213.0,210.0,653,2,1
Monster Beverage Corp,0,6,5,2,3,1,3,1,515,344.0,300.0,1159,4,2
Moderna Inc,0,7,5,2,3,1,3,1,500,300.0,300.0,1100,4,2
Match Group Inc,0,31,2,1,3,1,3,1,245,389.0,311.0,945,4,2
Monolithic Power Systems Inc,0,40,3,1,2,1,2,1,330,287.0,235.0,852,3,1
Microsoft Corp,0,41,6,3,4,2,3,1,715,442.375,375.0,1533,5,2
Micron Technology Inc,0,40,5,2,3,1,3,1,530,330.0,300.0,1160,4,2
Nasdaq Inc,0,19,5,2,3,1,3,1,505,310.0,300.0,1115,4,2
NortonLifeLock Inc,0,41,5,2,3,1,3,1,505,315.0,305.0,1125,4,2
Northern Trust Corp,0,19,2,1,2,1,2,1,250,226.0,225.0,701,2,1
Newell Brands Inc,0,13,5,2,3,1,3,1,525,303.0,315.0,1143,4,2
NVIDIA Corp,0,40,3,1,3,1,2,1,323,301.0,275.0,899,3,1
Allakos Inc,0,7,2,1,2,1,3,1,200,273.0,300.0,773,3,1
News Corp,0,31,5,2,3,1,3,1,509,300.0,300.0,1109,4,2
Old Dominion Freight Line Inc,0,39,4,2,4,2,2,1,467,423.0,280.0,1170,4,2
Paccar Inc,0,29,5,2,3,1,3,1,568,343.0,305.0,1216,5,2
NXP Semiconductors NV,0,40,5,2,3,1,3,1,505,329.0,305.0,1139,4,2
O'Reilly Automotive Inc,0,38,5,2,3,1,3,1,500,300.0,300.0,1100,4,2
Paychex Inc,0,41,5,2,3,1,2,1,500,300.0,200.0,1000,4,2
Principal Financial Group Inc,0,25,5,2,3,1,3,1,555,320.0,300.0,1175,4,2
Ross Stores Inc,0,38,3,1,3,1,3,1,375,325.0,300.0,1000,4,2
SBA Communications Corp,0,37,2,1,2,1,2,1,250,251.0,215.0,716,2,1
Qualcomm Inc,0,40,4,2,3,1,3,1,409,300.0,300.0,1009,4,2
Pool Corp,0,14,5,2,3,1,3,1,525,306.0,313.0,1144,4,2
PepsiCo Inc,0,6,6,3,3,1,3,1,719,340.0,358.0,1417,5,2
Starbucks Corp,0,22,4,2,3,1,2,1,475,385.0,295.0,1155,4,2
Regency Centers Corp,0,37,5,2,3,1,3,1,575,372.0,365.0,1312,5,2
Qorvo Inc,0,40,5,2,3,1,3,1,535,310.0,305.0,1150,4,2
PTC Inc,0,41,5,2,3,1,3,1,550,302.0,308.0,1160,4,2
PENN Entertainment Inc,0,22,3,1,3,1,2,1,371,300.0,220.0,891,3,1
PayPal Holdings Inc,0,41,3,1,2,1,2,1,370,244.0,285.0,899,3,1
Regeneron Pharmaceuticals Inc,0,7,5,2,3,1,3,1,505,327.0,305.0,1137,4,2
Amgen Inc,0,7,5,2,3,1,3,1,575,312.0,328.0,1215,5,2
Synopsys Inc,0,41,5,2,3,1,3,1,525,316.0,315.0,1156,4,2
Seagate Technology Holdings PLC,0,41,5,2,3,1,3,1,540,355.0,300.0,1195,4,2
Bio-Techne Corp,0,27,5,2,2,1,3,1,510,268.0,300.0,1078,4,2
Teradyne Inc,0,40,5,2,3,1,3,1,507,328.0,315.0,1150,4,2
Skyworks Solutions Inc,0,40,5,2,3,1,2,1,515,303.0,270.0,1088,4,2
Trimble Inc,0,16,5,2,4,2,3,1,550,415.0,315.0,1280,5,2
T Rowe Price Group Inc,0,19,5,2,3,1,3,1,510,325.0,310.0,1145,4,2
Take-Two Interactive Software Inc,0,31,2,1,3,1,3,1,225,307.0,310.0,842,3,1
Tesla Inc,0,4,5,2,0,0,2,1,555,160.0,278.0,993,4,2
Tractor Supply Co,0,38,5,2,3,1,2,1,500,300.0,200.0,1000,4,2
Texas Instruments Inc,0,40,5,2,3,1,3,1,500,300.0,300.0,1100,4,2
T-Mobile US Inc,0,42,3,1,3,1,2,1,342,331.0,230.0,903,4,2
United Airlines Holdings Inc,0,2,2,1,2,1,2,1,205,203.0,221.0,629,2,1
Verisk Analytics Inc,0,36,6,3,3,1,3,1,615,366.0,300.0,1281,5,2
Ulta Beauty Inc,0,38,2,1,2,1,2,1,205,242.0,200.0,647,2,1
Vertex Pharmaceuticals Inc,0,7,5,2,3,1,3,1,500,300.0,300.0,1100,4,2
Viatris Inc,0,35,5,2,3,1,2,1,500,300.0,200.0,1000,4,2
Verisign Inc,0,41,5,2,3,1,3,1,548,354.0,325.0,1227,5,2
Walgreens Boots Alliance Inc,0,38,5,2,3,1,3,1,515,325.0,300.0,1140,4,2
NetApp Inc,0,41,5,2,3,1,3,1,545,359.0,325.0,1229,5,2
Xcel Energy Inc,0,46,2,1,2,1,2,1,223,201.0,205.0,629,2,1
DENTSPLY SIRONA Inc,0,21,5,2,3,1,3,1,530,318.0,305.0,1153,4,2
Zebra Technologies Corp,0,16,3,1,3,1,3,1,320,317.0,300.0,937,4,2
Advance Auto Parts Inc,1,38,2,1,2,1,2,1,264,261.0,210.0,735,2,1
Zions Bancorporation NA,0,5,2,1,2,1,2,1,200,200.0,200.0,600,2,1
Wynn Resorts Ltd,0,22,2,1,2,1,2,1,225,201.0,200.0,626,2,1
Agilent Technologies Inc,1,27,5,2,2,1,2,1,573,231.0,233.0,1037,4,2
Abbvie Inc,1,7,5,2,3,1,3,1,505,317.0,300.0,1122,4,2
Amerisourcebergen Corp,1,21,5,2,3,1,3,1,505,300.0,315.0,1120,4,2
Archer-Daniels-Midland Co,1,20,5,2,3,1,3,1,587,353.0,305.0,1245,5,2
Abbott Laboratories,1,21,5,2,3,1,3,1,515,305.0,305.0,1125,4,2
Ameren Corp,1,46,5,2,3,1,3,1,562,345.0,300.0,1207,5,2
AES Corp,1,46,5,2,3,1,3,1,525,326.0,370.0,1221,5,2
Aflac Inc,1,25,4,2,3,1,2,1,454,300.0,235.0,989,4,2
Accenture PLC,1,41,5,2,3,1,3,1,515,360.0,305.0,1180,4,2
Arthur J. Gallagher & Co.,1,25,5,2,3,1,3,1,530,344.0,310.0,1184,4,2
Assurant Inc,1,25,4,2,3,1,3,1,438,316.0,300.0,1054,4,2
Alaska Air Group Inc,1,2,5,2,3,1,2,1,515,303.0,259.0,1077,4,2
Albemarle Corp,1,9,5,2,3,1,3,1,545,322.0,315.0,1182,4,2
American International Group Inc,1,25,5,2,3,1,3,1,518,323.0,310.0,1151,4,2
Allstate Corp,1,25,5,2,3,1,2,1,530,300.0,220.0,1050,4,2
Allegion PLC,1,8,5,2,3,1,3,1,542,322.0,315.0,1179,4,2
Ameriprise Financial Inc,1,19,3,1,3,1,2,1,396,308.0,267.0,971,4,2
AMETEK Inc,1,16,5,2,3,1,2,1,540,329.0,270.0,1139,4,2
American Tower Corp,1,37,5,2,3,1,3,1,530,333.0,305.0,1168,4,2
A O Smith Corp,1,8,5,2,3,1,3,1,510,315.0,310.0,1135,4,2
Air Products and Chemicals Inc,1,9,6,3,4,2,3,1,700,442.0,300.0,1442,5,2
Aon PLC,1,25,4,2,3,1,2,1,485,304.0,288.0,1077,4,2
Arista Networks Inc,1,11,4,2,3,1,2,1,444,310.0,295.0,1049,4,2
Amphenol Corp,1,16,5,2,3,1,4,2,512,303.0,422.5,1290,5,2
Atmos Energy Corp,1,46,5,2,3,1,3,1,572,368.0,315.0,1255,5,2
American Water Works Company Inc,1,46,6,3,3,1,3,1,653,395.0,300.0,1348,5,2
Alexandria Real Estate Equities Inc,1,37,6,3,3,1,3,1,600,337.0,345.0,1282,5,2
Aptiv PLC,1,3,5,2,3,1,3,1,555,339.0,310.0,1204,5,2
Avalonbay Communities Inc,1,37,5,2,3,1,2,1,500,300.0,298.0,1098,4,2
Avery Dennison Corp,1,34,5,2,3,1,3,1,535,347.0,325.0,1207,5,2
Boeing Co,1,1,2,1,2,1,2,1,220,224.0,235.0,679,2,1
Bank of America Corp,1,5,2,1,3,1,2,1,220,394.0,265.0,879,3,1
Baxter International Inc,1,21,5,2,3,1,3,1,500,316.0,300.0,1116,4,2
Bath & Body Works Inc,1,38,5,2,3,1,3,1,525,303.0,300.0,1128,4,2
Becton Dickinson and Co,1,21,6,3,3,1,3,1,607,384.0,315.0,1306,5,2
Bio Rad Laboratories Inc,1,27,2,1,2,1,3,1,275,227.0,300.0,802,3,1
Best Buy Co Inc,1,38,4,2,2,1,3,1,430,231.0,300.0,961,4,2
Bank of New York Mellon Corp,1,19,5,2,3,1,3,1,500,300.0,300.0,1100,4,2
American Express Co,1,19,2,1,2,1,2,1,230,226.0,208.0,664,2,1
Broadridge Financial Solutions Inc,1,41,5,2,3,1,3,1,550,313.0,325.0,1188,4,2
Bristol-Myers Squibb Co,1,35,5,2,3,1,3,1,500,321.0,310.0,1131,4,2
Brown & Brown Inc,1,25,4,2,3,1,3,1,405,320.0,300.0,1025,4,2
Autozone Inc,1,38,2,1,2,1,2,1,260,222.0,213.0,695,2,1
Boston Scientific Corp,1,21,5,2,3,1,3,1,525,399.0,300.0,1224,5,2
Blackstone Inc,1,19,5,2,3,1,3,1,534,343.0,320.0,1197,4,2
Boston Properties Inc,1,37,5,2,3,1,3,1,532,339.0,305.0,1176,4,2
SVB Financial Group,0,5,5,2,3,1,3,1,510,340.0,300.0,1150,4,2
Citigroup Inc,1,5,5,2,3,1,3,1,515,300.0,303.0,1118,4,2
Caterpillar Inc,1,29,2,1,2,1,2,1,235,239.0,235.0,709,2,1
Carrier Global Corp,1,8,2,1,2,1,2,1,210,258.0,226.0,694,2,1
CBRE Group Inc,1,37,2,1,2,1,2,1,200,209.0,200.0,609,2,1
Crown Castle Inc,1,37,5,2,3,1,2,1,500,300.0,200.0,1000,4,2
Ceridian HCM Holding Inc,1,41,5,2,3,1,3,1,530,379.0,320.0,1229,5,2
Comerica Inc,1,5,2,1,3,1,2,1,280,300.0,230.0,810,3,1
D R Horton Inc,1,13,2,1,2,1,2,1,250,271.0,205.0,726,2,1
Dover Corp,1,29,5,2,3,1,3,1,500,320.0,305.0,1125,4,2
Darden Restaurants Inc,1,22,5,2,3,1,3,1,515,309.0,300.0,1124,4,2
Celanese Corp,1,9,5,2,3,1,3,1,500,319.0,300.0,1119,4,2
Dollar General Corp,1,38,2,1,2,1,2,1,247,222.0,200.0,669,2,1
Chipotle Mexican Grill Inc,1,22,2,1,2,1,2,1,210,241.0,213.0,664,2,1
Quest Diagnostics Inc,1,21,2,1,3,1,2,1,230,300.0,205.0,735,2,1
Carnival Corp,1,22,5,2,3,1,3,1,515,326.0,320.0,1161,4,2
Church & Dwight Co Inc,1,13,5,2,3,1,3,1,578,341.0,348.0,1267,5,2
Dow Inc,1,9,2,1,2,1,2,1,225,201.0,200.0,626,2,1
Discover Financial Services,1,19,3,1,3,1,3,1,335,321.0,313.0,969,4,2
Duke Energy Corp,1,46,6,3,3,1,3,1,604,362.0,328.0,1294,5,2
Duke Realty Corp,1,37,5,2,3,1,3,1,540,313.0,300.0,1153,4,2
CF Industries Holdings Inc,1,9,5,2,3,1,3,1,525,307.0,310.0,1142,4,2
Devon Energy Corp,1,17,5,2,3,1,3,1,570,301.0,300.0,1171,4,2
Ecolab Inc,1,9,5,2,3,1,3,1,547,373.0,325.0,1245,5,2
Home Depot Inc,1,38,2,1,3,1,2,1,230,317.0,205.0,752,3,1
DTE Energy Co,1,46,5,2,3,1,2,1,592,313.0,210.0,1115,4,2
Edison International,1,46,6,3,5,2,3,1,700,442.375,315.0,1528,5,2
Corning Inc,1,16,2,1,2,1,2,1,200,200.0,200.0,600,2,1
DaVita Inc,1,21,2,1,3,1,3,1,260,332.0,300.0,892,3,1
Western Digital Corp,0,41,5,2,3,1,2,1,545,339.0,260.0,1144,4,2
Goldman Sachs Group Inc,1,19,5,2,3,1,3,1,525,305.0,305.0,1135,4,2
DXC Technology Co,1,41,5,2,3,1,3,1,505,326.0,305.0,1136,4,2
Eaton Corporation PLC,1,16,5,2,3,1,3,1,520,328.0,320.0,1168,4,2
Consolidated Edison Inc,1,46,6,3,3,1,3,1,700,358.0,300.0,1358,5,2
Hershey Co,1,20,5,2,3,1,3,1,525,361.0,300.0,1186,4,2
Johnson & Johnson,1,35,5,2,3,1,3,1,565,308.0,300.0,1173,4,2
JPMorgan Chase & Co,1,5,5,2,3,1,3,1,505,319.0,338.0,1162,4,2
Coca-Cola Co,1,6,2,1,2,1,2,1,200,201.0,200.0,601,2,1
Carmax Inc,1,38,2,1,2,1,3,1,251,237.0,300.0,788,3,1
Leidos Holdings Inc,1,36,5,2,3,1,3,1,500,300.0,300.0,1100,4,2
Leggett & Platt Inc,1,13,5,2,3,1,3,1,500,300.0,300.0,1100,4,2
McDonald's Corp,1,22,5,2,3,1,3,1,505,326.0,305.0,1136,4,2
Linde PLC,1,9,2,1,2,1,2,1,210,240.0,275.0,725,2,1
Lumen Technologies Inc,1,42,5,2,3,1,3,1,535,327.0,305.0,1167,4,2
LyondellBasell Industries NV,1,9,5,2,3,1,3,1,587,352.0,330.0,1269,5,2
Moody's Corp,1,19,5,2,3,1,2,1,515,308.0,235.0,1058,4,2
Mckesson Corp,1,21,5,2,3,1,3,1,500,303.0,310.0,1113,4,2
Masco Corp,1,8,5,2,3,1,3,1,522,323.0,305.0,1150,4,2
Lowe's Companies Inc,1,38,2,1,2,1,2,1,218,200.0,200.0,618,2,1
Medtronic PLC,1,21,5,2,3,1,3,1,515,308.0,315.0,1138,4,2
McCormick & Company Inc,1,20,5,2,3,1,3,1,500,300.0,300.0,1100,4,2
MetLife Inc,1,25,5,2,3,1,3,1,517,305.0,305.0,1127,4,2
MGM Resorts International,1,22,5,2,3,1,2,1,500,300.0,200.0,1000,4,2
Marsh & McLennan Companies Inc,1,25,5,2,3,1,3,1,500,300.0,300.0,1100,4,2
Altria Group Inc,1,44,5,2,3,1,3,1,500,327.0,341.0,1168,4,2
Borgwarner Inc,1,3,2,1,2,1,2,1,260,206.0,230.0,696,2,1
Merck & Co Inc,1,35,5,2,3,1,3,1,500,305.0,315.0,1120,4,2
Marathon Oil Corp,1,17,5,2,3,1,3,1,530,313.0,305.0,1148,4,2
Marathon Petroleum Corp,1,17,6,3,3,1,3,1,700,366.0,315.0,1381,5,2
Morgan Stanley,1,19,5,2,3,1,3,1,555,303.0,320.0,1178,4,2
M&T Bank Corp,1,5,5,2,3,1,2,1,500,303.0,260.0,1063,4,2
Mettler-Toledo International Inc,1,27,5,2,3,1,2,1,505,300.0,240.0,1045,4,2
Motorola Solutions Inc,1,11,5,2,3,1,3,1,505,305.0,347.0,1157,4,2
Nextera Energy Inc,1,46,6,3,3,1,3,1,668,306.0,313.0,1287,5,2
MSCI Inc,1,19,5,2,3,1,3,1,580,347.0,335.0,1262,5,2
Norwegian Cruise Line Holdings Ltd,1,22,4,2,3,1,3,1,495,306.0,300.0,1101,4,2
NiSource Inc,1,46,3,1,3,1,2,1,361,322.0,223.0,906,4,2
Northrop Grumman Corp,1,1,5,2,3,1,3,1,505,302.0,300.0,1107,4,2
ServiceNow Inc,1,41,5,2,3,1,3,1,550,374.0,350.0,1274,5,2
Nucor Corp,1,33,3,1,3,1,2,1,374,340.0,225.0,939,4,2
Nielsen Holdings PLC,1,36,5,2,3,1,3,1,500,310.0,300.0,1110,4,2
Norfolk Southern Corp,1,39,3,1,3,1,3,1,358,339.0,330.0,1027,4,2
NVR Inc,1,13,2,1,2,1,2,1,265,206.0,205.0,676,2,1
Progressive Corp,1,25,3,1,3,1,2,1,350,355.0,270.0,975,4,2
Pfizer Inc,1,35,5,2,3,1,3,1,500,300.0,300.0,1100,4,2
Pultegroup Inc,1,13,2,1,2,1,2,1,215,203.0,240.0,658,2,1
Parker-Hannifin Corp,1,29,3,1,3,1,2,1,325,303.0,225.0,853,3,1
PerkinElmer Inc,1,27,5,2,3,1,3,1,515,316.0,325.0,1156,4,2
Prologis Inc,1,37,5,2,3,1,3,1,579,374.0,315.0,1268,5,2
PPG Industries Inc,1,9,2,1,2,1,2,1,293,236.0,220.0,749,2,1
Public Storage,1,37,2,1,2,1,2,1,235,245.0,205.0,685,2,1
PNC Financial Services Group Inc,1,5,4,2,3,1,3,1,455,323.0,300.0,1078,4,2
Philip Morris International Inc,1,44,5,2,3,1,3,1,520,327.0,315.0,1162,4,2
Packaging Corp of America,1,34,5,2,3,1,3,1,500,303.0,300.0,1103,4,2
Phillips 66,1,17,5,2,3,1,3,1,569,363.0,310.0,1242,5,2
Prudential Financial Inc,1,25,2,1,3,1,2,1,285,300.0,288.0,873,3,1
Pentair PLC,1,29,4,2,3,1,3,1,433,330.0,315.0,1078,4,2
Pinnacle West Capital Corp,1,46,6,3,4,2,3,1,629,442.375,300.0,1408,5,2
PPL Corp,1,46,5,2,3,1,3,1,525,306.0,300.0,1131,4,2
Quanta Services Inc,1,12,5,2,3,1,3,1,540,382.0,310.0,1232,5,2
Raymond James Financial Inc,1,19,5,2,3,1,3,1,505,309.0,305.0,1119,4,2
Regions Financial Corp,1,5,4,2,3,1,3,1,490,304.0,305.0,1099,4,2
Royal Caribbean Cruises Ltd,1,22,5,2,3,1,3,1,503,327.0,310.0,1140,4,2
Ralph Lauren Corp,1,43,4,2,3,1,3,1,420,352.0,303.0,1075,4,2
PVH Corp,1,43,4,2,3,1,3,1,418,319.0,315.0,1052,4,2
Robert Half International Inc,1,36,2,1,3,1,3,1,255,334.0,310.0,899,3,1
Pioneer Natural Resources Co,1,17,6,3,4,2,3,1,700,412.0,300.0,1412,5,2
Rollins Inc,1,10,5,2,3,1,3,1,500,300.0,305.0,1105,4,2
Resmed Inc,1,21,3,1,3,1,3,1,330,312.0,300.0,942,4,2
Charles Schwab Corp,1,19,5,2,3,1,3,1,515,300.0,300.0,1115,4,2
Rockwell Automation Inc,1,16,3,1,2,1,2,1,308,243.0,210.0,761,3,1
TransDigm Group Inc,1,1,5,2,3,1,3,1,500,300.0,300.0,1100,4,2
Sealed Air Corp,1,34,5,2,3,1,2,1,555,318.0,257.0,1130,4,2
Roper Technologies Inc,1,41,5,2,3,1,3,1,570,350.0,340.0,1260,5,2
Stanley Black & Decker Inc,1,29,5,2,3,1,3,1,555,315.0,300.0,1170,4,2
Constellation Brands Inc,1,6,4,2,3,1,2,1,459,313.0,295.0,1067,4,2
Stryker Corp,1,21,4,2,3,1,3,1,485,321.0,325.0,1131,4,2
Sysco Corp,1,38,5,2,3,1,3,1,555,301.0,305.0,1161,4,2
Sherwin-Williams Co,1,9,2,1,2,1,2,1,295,259.0,220.0,774,3,1
S&P Global Inc,1,19,4,2,3,1,3,1,435,341.0,310.0,1086,4,2
STERIS plc,1,21,5,2,3,1,3,1,510,301.0,305.0,1116,4,2
Synchrony Financial,1,19,3,1,3,1,3,1,325,312.0,310.0,947,4,2
Simon Property Group Inc,1,37,2,1,2,1,2,1,225,247.0,205.0,677,2,1
Sempra Energy,1,46,6,3,3,1,3,1,700,386.0,310.0,1396,5,2
Southern Co,1,46,5,2,3,1,3,1,515,307.0,330.0,1152,4,2
State Street Corp,1,19,2,1,2,1,2,1,225,211.0,210.0,646,2,1
Snap-On Inc,1,29,5,2,3,1,2,1,500,300.0,261.0,1061,4,2
Raytheon Technologies Corp,1,1,5,2,3,1,4,2,520,330.0,400.0,1250,5,2
Hartford Financial Services Group Inc,1,25,5,2,3,1,3,1,500,305.0,305.0,1110,4,2
TE Connectivity Ltd,1,16,2,1,2,1,2,1,200,200.0,200.0,600,2,1
Teleflex Inc,1,21,2,1,2,1,2,1,200,200.0,200.0,600,2,1
Truist Financial Corp,1,5,4,2,3,1,3,1,480,308.0,300.0,1088,4,2
Teledyne Technologies Inc,1,16,5,2,3,1,3,1,500,300.0,300.0,1100,4,2
Target Corp,1,38,5,2,3,1,3,1,550,342.0,313.0,1205,5,2
TJX Companies Inc,1,38,5,2,3,1,3,1,500,300.0,300.0,1100,4,2
Tapestry Inc,1,43,4,2,3,1,3,1,483,310.0,300.0,1093,4,2
Travelers Companies Inc,1,25,5,2,3,1,3,1,500,300.0,300.0,1100,4,2
Thermo Fisher Scientific Inc,1,27,5,2,3,1,2,1,527,332.0,280.0,1139,4,2
Trane Technologies PLC,1,8,6,3,3,1,3,1,700,389.0,320.0,1409,5,2
Tyson Foods Inc,1,20,5,2,3,1,3,1,530,374.0,340.0,1244,5,2
Tyler Technologies Inc,1,41,4,2,3,1,3,1,400,306.0,305.0,1011,4,2
Textron Inc,1,1,5,2,3,1,2,1,500,300.0,200.0,1000,4,2
UnitedHealth Group Inc,1,21,5,2,3,1,3,1,500,300.0,300.0,1100,4,2
United Parcel Service Inc,1,28,5,2,3,1,2,1,540,374.0,245.0,1159,4,2
UDR Inc,1,37,2,1,3,1,2,1,225,301.0,215.0,741,2,1
Universal Health Services Inc,1,21,5,2,3,1,3,1,560,320.0,338.0,1218,5,2
Mosaic Co,1,9,5,2,3,1,3,1,515,379.0,315.0,1209,5,2
US Bancorp,1,5,3,1,3,1,3,1,336,317.0,300.0,953,4,2
United Rentals Inc,1,45,4,2,3,1,3,1,472,318.0,300.0,1090,4,2
Vornado Realty Trust,1,37,5,2,3,1,3,1,540,326.0,325.0,1191,4,2
Valero Energy Corp,1,17,6,3,3,1,3,1,608,307.0,330.0,1245,5,2
VF Corp,1,43,5,2,3,1,3,1,505,301.0,300.0,1106,4,2
Visa Inc,1,41,5,2,3,1,3,1,504,368.0,310.0,1182,4,2
Ventas Inc,1,37,5,2,3,1,3,1,500,300.0,300.0,1100,4,2
Vulcan Materials Co,1,12,5,2,3,1,3,1,570,319.0,300.0,1189,4,2
WEC Energy Group Inc,1,46,6,3,4,2,3,1,635,438.0,300.0,1373,5,2
Welltower OP LLC,1,37,4,2,3,1,3,1,437,326.0,300.0,1063,4,2
Waters Corp,1,27,2,1,2,1,2,1,270,292.0,235.0,797,3,1
Waste Management Inc,1,10,6,3,4,2,2,1,613,408.0,285.0,1306,5,2
Westinghouse Air Brake Technologies Corp,1,29,6,3,3,1,3,1,607,311.0,320.0,1238,5,2
Williams Companies Inc,1,17,5,2,3,1,3,1,500,300.0,300.0,1100,4,2
Wells Fargo & Co,1,5,5,2,3,1,3,1,500,300.0,300.0,1100,4,2
Whirlpool Corp,1,13,5,2,3,1,3,1,500,301.0,300.0,1101,4,2
West Pharmaceutical Services Inc,1,27,5,2,3,1,3,1,540,330.0,305.0,1175,4,2
W R Berkley Corp,1,25,3,1,2,1,3,1,360,294.0,300.0,954,4,2
Walmart Inc,1,38,3,1,2,1,2,1,310,281.0,220.0,811,3,1
Western Union Co,1,41,2,1,2,1,2,1,205,205.0,228.0,638,2,1
Yum! Brands Inc,1,22,5,2,3,1,3,1,500,320.0,310.0,1130,4,2
Xylem Inc,1,29,3,1,2,1,2,1,374,254.0,210.0,838,3,1
Weyerhaeuser Co,1,37,6,3,3,1,3,1,700,340.0,300.0,1340,5,2
Westrock Co,1,34,5,2,3,1,3,1,555,324.0,305.0,1184,4,2
Exxon Mobil Corp,1,17,5,2,3,1,3,1,538,322.0,313.0,1173,4,2
Zimmer Biomet Holdings Inc,1,21,5,2,3,1,3,1,520,330.0,310.0,1160,4,2
Zoetis Inc,1,35,5,2,3,1,3,1,520,348.0,310.0,1178,4,2
Deere & Co,1,29,5,2,3,1,3,1,560,339.0,305.0,1204,5,2
Dupont De Nemours Inc,1,9,5,2,3,1,2,1,550,341.0,295.0,1186,4,2
Dominion Energy Inc,1,46,5,2,3,1,3,1,535,325.0,310.0,1170,4,2
CVS Health Corp,1,21,5,2,3,1,3,1,540,302.0,315.0,1157,4,2
Delta Air Lines Inc,1,2,5,2,3,1,3,1,515,300.0,313.0,1128,4,2
Salesforce Inc,1,41,2,1,2,1,2,1,215,241.0,200.0,656,2,1
Chevron Corp,1,17,2,1,2,1,2,1,210,217.0,210.0,637,2,1
Corteva Inc,1,9,6,3,3,1,3,1,610,312.0,320.0,1242,5,2
Coterra Energy Inc,1,17,5,2,3,1,3,1,555,329.0,310.0,1194,4,2
Catalent Inc,1,35,4,2,3,1,3,1,483,303.0,305.0,1091,4,2
Campbell Soup Co,1,20,5,2,3,1,3,1,515,301.0,305.0,1121,4,2
Charles River Laboratories International Inc,1,27,5,2,3,1,2,1,510,322.0,235.0,1067,4,2
Conocophillips,1,17,6,3,5,2,3,1,687,442.375,305.0,1536,5,2
Cooper Companies Inc,1,21,5,2,3,1,3,1,500,300.0,300.0,1100,4,2
Capital One Financial Corp,1,19,5,2,3,1,3,1,508,309.0,320.0,1137,4,2
Centene Corp,1,21,5,2,3,1,3,1,548,355.0,315.0,1218,5,2
CenterPoint Energy Inc,1,46,5,2,3,1,2,1,550,320.0,260.0,1130,4,2
CMS Energy Corp,1,46,4,2,6,3,1,0,450,442.375,122.5,1192,4,2
Cummins Inc,1,29,5,2,3,1,3,1,510,320.0,300.0,1130,4,2
Colgate-Palmolive Co,1,13,5,2,3,1,3,1,520,310.0,310.0,1140,4,2
3M Co,1,24,5,2,3,1,3,1,526,310.0,305.0,1141,4,2
Citizens Financial Group Inc,1,5,2,1,2,1,2,1,230,215.0,205.0,650,2,1
Conagra Brands Inc,1,20,5,2,3,1,3,1,525,306.0,300.0,1131,4,2
Cigna Corp,1,21,5,2,3,1,3,1,508,328.0,310.0,1146,4,2
Cardinal Health Inc,1,21,5,2,3,1,3,1,505,300.0,315.0,1120,4,2
Mastercard Inc,1,41,2,1,2,1,2,1,210,230.0,215.0,655,2,1
Lamb Weston Holdings Inc,1,20,3,1,2,1,3,1,345,256.0,300.0,901,4,2
Mid-America Apartment Communities Inc,1,37,3,1,2,1,2,1,315,261.0,210.0,786,3,1
Martin Marietta Materials Inc,1,12,5,2,3,1,3,1,573,313.0,300.0,1186,4,2
Southwest Airlines Co,1,2,2,1,3,1,2,1,295,314.0,218.0,827,3,1
Lincoln National Corp,1,25,6,3,3,1,3,1,700,300.0,300.0,1300,5,2
Lennar Corp,1,13,3,1,3,1,2,1,363,344.0,220.0,927,4,2
Procter & Gamble Co,1,13,5,2,4,2,3,1,560,422.0,310.0,1292,5,2
Organon & Co,1,35,5,2,3,1,3,1,515,335.0,305.0,1155,4,2
Occidental Petroleum Corp,1,17,5,2,3,1,3,1,505,302.0,300.0,1107,4,2
Dell Technologies Inc,1,41,5,2,3,1,2,1,500,318.0,275.0,1093,4,2
Paycom Software Inc,1,41,4,2,3,1,3,1,470,305.0,315.0,1090,4,2
Public Service Enterprise Group Inc,1,46,5,2,3,1,2,1,500,300.0,205.0,1005,4,2
ONEOK Inc,1,17,5,2,3,1,3,1,581,326.0,355.0,1262,5,2
NRG Energy Inc,1,46,3,1,3,1,2,1,371,327.0,218.0,916,4,2
Loews Corp,1,25,5,2,3,1,3,1,505,303.0,313.0,1121,4,2
Omnicom Group Inc,1,31,5,2,3,1,3,1,543,333.0,305.0,1181,4,2
Oracle Corp,1,41,5,2,3,1,2,1,500,300.0,200.0,1000,4,2
Realty Income Corp,1,37,5,2,3,1,3,1,500,300.0,300.0,1100,4,2
Domino's Pizza Inc,1,22,2,1,2,1,2,1,205,205.0,200.0,610,2,1
AT&T Inc,1,42,2,1,2,1,3,1,210,200.0,305.0,715,2,1
Union Pacific Corp,1,39,2,1,2,1,2,1,290,257.0,245.0,792,3,1
Newmont Corporation,1,33,6,3,3,1,3,1,675,389.0,355.0,1419,5,2
FedEx Corp,1,28,3,1,2,1,2,1,335,278.0,255.0,868,3,1
Nike Inc,1,43,2,1,2,1,2,1,205,275.0,200.0,680,2,1
Ford Motor Co,1,4,2,1,2,1,2,1,292,246.0,215.0,753,3,1
Lockheed Martin Corp,1,1,5,2,3,1,3,1,510,324.0,320.0,1154,4,2
Republic Services Inc,1,10,2,1,2,1,2,1,293,235.0,216.0,744,2,1
Enphase Energy Inc,0,40,5,2,3,1,3,1,565,316.0,300.0,1181,4,2
Exelon Corp,0,46,6,3,4,2,3,1,694,403.0,316.0,1413,5,2
Expeditors International of Washington Inc,0,28,5,2,3,1,3,1,510,302.0,300.0,1112,4,2
Expedia Group Inc,0,22,2,1,2,1,3,1,225,242.0,305.0,772,3,1
Fastenal Co,0,45,2,1,3,1,2,1,230,302.0,200.0,732,2,1
F5 Inc,0,11,2,1,2,1,2,1,200,221.0,215.0,636,2,1
Fiserv Inc,0,41,3,1,3,1,3,1,395,302.0,310.0,1007,4,2
Equinix Inc,0,37,5,2,3,1,3,1,515,323.0,315.0,1153,4,2
Fortinet Inc,0,41,5,2,3,1,3,1,500,306.0,305.0,1111,4,2
ETSY Inc,0,38,2,1,2,1,2,1,235,241.0,235.0,711,2,1
Franklin Resources Inc,1,19,3,1,3,1,3,1,321,349.0,310.0,980,4,2
Digital Realty Trust Inc,1,37,5,2,3,1,3,1,540,317.0,300.0,1157,4,2
Danaher Corp,1,27,5,2,3,1,3,1,530,344.0,385.0,1259,5,2
Equifax Inc,1,36,3,1,3,1,3,1,390,300.0,305.0,995,4,2
Estee Lauder Companies Inc,1,13,5,2,3,1,3,1,500,300.0,300.0,1100,4,2
Eastman Chemical Co,1,9,5,2,3,1,3,1,583,365.0,310.0,1258,5,2
Emerson Electric Co,1,16,6,3,3,1,3,1,605,323.0,315.0,1243,5,2
EOG Resources Inc,1,17,5,2,2,1,2,1,550,252.0,240.0,1042,4,2
Equity Residential,1,37,2,1,2,1,2,1,235,208.0,210.0,653,2,1
Eversource Energy,1,46,5,2,4,2,3,1,576,409.0,310.0,1295,5,2
Essex Property Trust Inc,1,37,3,1,3,1,2,1,377,304.0,210.0,891,3,1
Fifth Third Bancorp,0,5,3,1,3,1,2,1,313,300.0,215.0,828,3,1
Entergy Corp,1,46,6,3,3,1,3,1,653,380.0,310.0,1343,5,2
Extra Space Storage Inc,1,37,5,2,2,1,2,1,572,289.0,225.0,1086,4,2
Edwards Lifesciences Corp,1,21,2,1,3,1,3,1,290,333.0,305.0,928,4,2
Fox Corp,0,31,2,1,3,1,3,1,295,330.0,315.0,940,4,2
Freeport-McMoRan Inc,1,33,6,3,3,1,3,1,608,313.0,305.0,1226,5,2
FirstEnergy Corp,1,46,5,2,3,1,3,1,510,304.0,300.0,1114,4,2
Fleetcor Technologies Inc,1,41,4,2,3,1,3,1,410,302.0,300.0,1012,4,2
Fidelity National Information Services Inc,1,41,5,2,2,1,3,1,530,298.0,310.0,1138,4,2
First Republic Bank,1,5,3,1,3,1,2,1,370,331.0,288.0,989,4,2
FMC Corp,1,9,5,2,3,1,3,1,510,307.0,315.0,1132,4,2
Federal Realty Investment Trust,1,37,5,2,3,1,3,1,525,302.0,300.0,1127,4,2
Fortive Corp,1,29,5,2,3,1,3,1,540,326.0,305.0,1171,4,2
Gap Inc,1,38,5,2,3,1,3,1,515,349.0,300.0,1164,4,2
Garmin Ltd,1,13,2,1,2,1,2,1,205,242.0,200.0,647,2,1
Gartner Inc,1,41,5,2,3,1,3,1,500,316.0,315.0,1131,4,2
Eli Lilly and Co,1,35,5,2,3,1,3,1,510,360.0,310.0,1180,4,2
Everest Re Group Ltd,1,25,5,2,2,1,3,1,505,276.0,305.0,1086,4,2
Evergy Inc,1,46,5,2,3,1,3,1,555,310.0,300.0,1165,4,2
Fortune Brands Home & Security Inc,1,8,5,2,3,1,3,1,510,302.0,300.0,1112,4,2
Gilead Sciences Inc,0,7,5,2,3,1,3,1,500,303.0,300.0,1103,4,2
Hologic Inc,0,21,5,2,3,1,3,1,515,324.0,315.0,1154,4,2
Henry Schein Inc,0,21,2,1,2,1,2,1,210,205.0,200.0,615,2,1
Honeywell International Inc,0,24,5,2,3,1,3,1,545,344.0,308.0,1197,4,2
Host Hotels & Resorts Inc,0,37,5,2,3,1,3,1,510,318.0,318.0,1146,4,2
General Dynamics Corp,1,1,5,2,3,1,3,1,510,310.0,300.0,1120,4,2
Hasbro Inc,0,26,2,1,3,1,3,1,255,301.0,300.0,856,3,1
Huntington Bancshares Inc,0,5,3,1,3,1,3,1,308,300.0,300.0,908,4,2
Globe Life Inc,1,25,2,1,2,1,2,1,215,238.0,215.0,668,2,1
Genuine Parts Co,1,14,5,2,2,1,3,1,535,225.0,305.0,1065,4,2
Generac Holdings Inc,1,16,5,2,3,1,2,1,535,311.0,250.0,1096,4,2
Global Payments Inc,1,41,3,1,3,1,2,1,310,343.0,265.0,918,4,2
HCA Healthcare Inc,1,21,5,2,3,1,3,1,520,348.0,305.0,1173,4,2
HanesBrands Inc,1,43,3,1,2,1,3,1,310,223.0,305.0,838,3,1
Huntington Ingalls Industries Inc,1,1,5,2,3,1,3,1,545,315.0,315.0,1175,4,2
Hewlett Packard Enterprise Co,1,41,2,1,3,1,2,1,230,359.0,230.0,819,3,1
Hess Corp,1,17,5,2,3,1,3,1,535,300.0,305.0,1140,4,2
Hilton Worldwide Holdings Inc,1,22,2,1,2,1,2,1,293,200.0,205.0,698,2,1
Hormel Foods Corp,1,20,5,2,3,1,3,1,570,322.0,300.0,1192,4,2
HP Inc,1,41,2,1,2,1,2,1,245,211.0,200.0,656,2,1
Humana Inc,1,21,4,2,3,1,3,1,462,300.0,300.0,1062,4,2
Howmet Aerospace Inc,1,1,5,2,3,1,3,1,525,315.0,320.0,1160,4,2
Healthpeak Properties Inc,1,37,5,2,3,1,3,1,535,331.0,335.0,1201,5,2
General Mills Inc,1,20,5,2,3,1,3,1,585,326.0,365.0,1276,5,2
General Electric Co,1,24,5,2,3,1,3,1,533,300.0,300.0,1133,4,2
Spotify Technology SA,1,31,5,2,2,1,2,1,500,283.0,255.0,1038,4,2
Triton International Ltd,1,45,4,2,3,1,3,1,477,306.0,300.0,1083,4,2
TPG RE Finance Trust Inc,1,37,2,1,2,1,3,1,230,239.0,300.0,769,3,1
TransUnion,1,36,5,2,3,1,3,1,510,313.0,310.0,1133,4,2
Yeti Holdings Inc,1,26,2,1,2,1,3,1,269,253.0,305.0,827,3,1
Yelp Inc,1,31,2,1,5,2,2,1,245,442.375,213.0,973,4,2
Yext Inc,1,41,3,1,3,1,3,1,325,314.0,310.0,949,4,2
Spirit AeroSystems Holdings Inc,1,1,5,2,3,1,3,1,515,337.0,300.0,1152,4,2
Yatsen Holding Ltd,1,13,3,1,2,1,3,1,355,217.0,325.0,897,3,1
Yiren Digital Ltd,1,19,2,1,2,1,2,1,200,205.0,205.0,610,2,1
Yum China Holdings Inc,1,22,2,1,2,1,2,1,205,217.0,220.0,642,2,1
Tronox Holdings PLC,1,9,5,2,3,1,3,1,503,320.0,300.0,1123,4,2
Zepp Health Corp,1,16,2,1,2,1,2,1,202,210.0,295.0,707,2,1
Lightning eMotors Inc,1,29,5,2,3,1,2,1,535,391.0,240.0,1166,4,2
Zuora Inc,1,41,2,1,2,1,2,1,240,234.0,200.0,674,2,1
ZIM Integrated Shipping Services Ltd,1,30,3,1,3,1,3,1,329,351.0,320.0,1000,4,2
Zymeworks Inc,1,7,2,1,3,1,3,1,240,326.0,305.0,871,3,1
Zurn Elkay Water Solutions Corp,1,8,5,2,3,1,3,1,500,300.0,300.0,1100,4,2
Clear Secure Inc,1,41,5,2,2,1,2,1,515,278.0,205.0,998,4,2
Zendesk Inc,1,41,5,2,3,1,3,1,515,338.0,320.0,1173,4,2
Plexus Corp,0,16,5,2,3,1,3,1,510,300.0,300.0,1110,4,2
Seanergy Maritime Holdings Corp,0,30,3,1,3,1,3,1,345,300.0,305.0,950,4,2
Shoals Technologies Group Inc,0,16,2,1,2,1,3,1,285,280.0,300.0,865,3,1
Steven Madden Ltd,0,43,5,2,2,1,3,1,508,231.0,300.0,1039,4,2
Shyft Group Inc,0,29,5,2,3,1,2,1,510,303.0,275.0,1088,4,2
SI-BONE Inc,0,21,2,1,2,1,2,1,220,228.0,210.0,658,2,1
Siebert Financial Corp,0,19,3,1,2,1,2,1,300,299.0,235.0,834,3,1
Playa Hotels & Resorts NV,0,22,2,1,2,1,2,1,210,200.0,205.0,615,2,1
World Wrestling Entertainment Inc,1,31,2,1,3,1,3,1,275,332.0,315.0,922,4,2
PharmaCyte Biotech Inc,0,7,2,1,2,1,3,1,220,202.0,300.0,722,2,1
Wolverine World Wide Inc,1,43,3,1,2,1,3,1,390,298.0,308.0,996,4,2
Xenia Hotels & Resorts Inc,1,37,2,1,2,1,2,1,260,263.0,236.0,759,3,1
United States Steel Corp,1,33,5,2,3,1,3,1,535,364.0,300.0,1199,4,2
Xpeng Inc,1,4,2,1,2,1,2,1,215,208.0,200.0,623,2,1
XPO Logistics Inc,1,39,5,2,3,1,3,1,560,318.0,300.0,1178,4,2
Xinyuan Real Estate Co Ltd,1,37,2,1,2,1,3,1,205,242.0,300.0,747,2,1
XL Fleet Corp,1,3,2,1,2,1,2,1,200,200.0,200.0,600,2,1
X Financial,1,19,2,1,2,1,2,1,215,205.0,200.0,620,2,1
Alleghany Corp,1,25,2,1,2,1,3,1,215,240.0,300.0,755,3,1
Yalla Group Ltd,1,31,2,1,2,1,2,1,233,244.0,220.0,697,2,1
Watts Water Technologies Inc,1,29,4,2,3,1,2,1,420,303.0,210.0,933,4,2
Sientra Inc,0,21,2,1,3,1,2,1,219,308.0,236.0,763,3,1
Hain Celestial Group Inc,0,20,5,2,3,1,3,1,520,302.0,305.0,1127,4,2
MMTEC Inc,0,41,2,1,2,1,3,1,221,225.0,305.0,751,3,1
Metacrine Inc,0,7,2,1,2,1,3,1,210,207.0,330.0,747,2,1
Molecular Templates Inc,0,7,3,1,3,1,3,1,360,325.0,320.0,1005,4,2
Materialise NV,0,41,5,2,3,1,3,1,505,301.0,300.0,1106,4,2
Mannatech Inc,0,13,2,1,2,1,2,1,200,260.0,230.0,690,2,1
Matrix Service Co,0,12,5,2,3,1,2,1,589,390.0,277.0,1256,5,2
Halozyme Therapeutics Inc,0,7,5,2,3,1,3,1,510,302.0,315.0,1127,4,2
Hallmark Financial Services Inc,0,25,2,1,2,1,3,1,215,233.0,300.0,748,2,1
MVB Financial Corp,0,5,2,1,2,1,2,1,210,215.0,215.0,640,2,1
Microvast Holdings Inc,0,29,2,1,2,1,2,1,225,282.0,210.0,717,2,1
MicroVision Inc,0,16,4,2,3,1,3,1,451,300.0,330.0,1081,4,2
MaxCyte Inc,0,27,2,1,3,1,2,1,220,300.0,248.0,768,3,1
Myriad Genetics Inc,0,7,3,1,3,1,2,1,353,321.0,294.0,968,4,2
First Western Financial Inc,0,5,3,1,3,1,2,1,351,300.0,235.0,886,3,1
Maxlinear Inc,0,40,5,2,3,1,3,1,535,325.0,335.0,1195,4,2
MyMD Pharmaceuticals Inc,0,35,2,1,2,1,2,1,205,257.0,230.0,692,2,1
Playstudios Inc,0,31,2,1,2,1,2,1,205,202.0,200.0,607,2,1
Matterport Inc,0,41,3,1,3,1,2,1,346,325.0,260.0,931,4,2
MACOM Technology Solutions Holdings Inc,0,40,3,1,3,1,2,1,377,309.0,255.0,941,4,2
Clearone Inc,0,11,3,1,2,1,2,1,370,228.0,210.0,808,3,1
Celsion Corp,0,7,2,1,2,1,3,1,255,214.0,300.0,769,3,1
Gulf Resources Inc,0,9,4,2,2,1,3,1,408,206.0,300.0,914,4,2
GSE Systems Inc,0,41,5,2,3,1,2,1,505,307.0,245.0,1057,4,2
Gyrodyne LLC,0,37,2,1,2,1,2,1,240,206.0,240.0,686,2,1
Global Water Resources Inc,0,46,3,1,2,1,2,1,367,297.0,235.0,899,3,1
Hawaiian Holdings Inc,0,2,2,1,3,1,2,1,200,321.0,200.0,721,2,1
CleanSpark Inc,0,41,5,2,3,1,3,1,570,326.0,310.0,1206,5,2
Clearside Biomedical Inc,0,35,2,1,2,1,2,1,215,230.0,200.0,645,2,1
Health Assurance Acquisition Corp,0,47,2,1,2,1,3,1,200,258.0,300.0,758,3,1
Hanmi Financial Corp,0,5,2,1,2,1,2,1,250,207.0,233.0,690,2,1
Catalyst Bancorp Inc,0,19,2,1,3,1,2,1,260,350.0,267.0,877,3,1
Euro Tech Holdings Company Ltd,0,45,2,1,2,1,2,1,230,201.0,210.0,641,2,1
Calyxt Inc,0,7,5,2,3,1,3,1,535,322.0,325.0,1182,4,2
Cambium Networks Corp,0,11,5,2,3,1,3,1,505,337.0,300.0,1142,4,2
Columbus McKinnon Corp,0,29,2,1,3,1,2,1,200,323.0,240.0,763,3,1
Ever-Glory International Group Inc,0,43,2,1,2,1,2,1,200,211.0,210.0,621,2,1
Clovis Oncology Inc,0,7,2,1,2,1,3,1,225,212.0,300.0,737,2,1
Clever Leaves Holdings Inc,0,35,2,1,2,1,2,1,225,243.0,205.0,673,2,1
Happiness Development Group Ltd,0,13,2,1,2,1,3,1,225,207.0,300.0,732,2,1
Home Bancorp Inc,0,19,2,1,2,1,2,1,230,202.0,200.0,632,2,1
Harvard Bioscience Inc,0,27,2,1,2,1,3,1,250,221.0,300.0,771,3,1
Horizon Bancorp Inc,0,5,2,1,3,1,2,1,255,321.0,233.0,809,3,1
HBT Financial Inc,0,5,2,1,2,1,3,1,245,275.0,300.0,820,3,1
Health Catalyst Inc,0,21,5,2,3,1,3,1,545,324.0,320.0,1189,4,2
Healthcare Services Acquisition Corp,0,47,2,1,2,1,3,1,245,205.0,300.0,750,3,1
Harpoon Therapeutics Inc,0,7,4,2,3,1,3,1,485,300.0,310.0,1095,4,2
Haynes International Inc,0,33,5,2,3,1,3,1,500,301.0,300.0,1101,4,2
Patriot National Bancorp Inc,0,5,2,1,3,1,2,1,205,302.0,210.0,717,2,1
Harbor Custom Development Inc,0,13,2,1,2,1,2,1,222,221.0,208.0,651,2,1
Heritage-Crystal Clean Inc,0,10,5,2,4,2,3,1,525,400.0,300.0,1225,5,2
Pinnacle Financial Partners Inc,0,5,2,1,3,1,2,1,271,328.0,250.0,849,3,1
POINT Biopharma Global Inc,0,7,3,1,2,1,2,1,320,221.0,285.0,826,3,1
Predictive Oncology Inc,0,21,2,1,2,1,2,1,278,297.0,220.0,795,3,1
Polar Power Inc,0,16,2,1,2,1,2,1,200,200.0,200.0,600,2,1
Insulet Corp,0,21,2,1,2,1,2,1,215,233.0,205.0,653,2,1
Power Integrations Inc,0,40,5,2,2,1,3,1,575,285.0,305.0,1165,4,2
Ammo Inc,0,26,2,1,2,1,2,1,233,224.0,200.0,657,2,1
Primeenergy Resources Corp,0,17,2,1,2,1,2,1,200,200.0,260.0,660,2,1
Pennant Group Inc,0,21,2,1,3,1,2,1,245,306.0,200.0,751,3,1
Pacific Premier Bancorp Inc,0,5,5,2,3,1,3,1,565,328.0,315.0,1208,5,2
Perma-Pipe International Holdings Inc,0,29,5,2,2,1,3,1,500,260.0,300.0,1060,4,2
Pilgrims Pride Corp,0,20,5,2,3,1,2,1,500,302.0,220.0,1022,4,2
PRA Group Inc,0,19,4,2,3,1,3,1,473,321.0,310.0,1104,4,2
Pioneer Power Solutions Inc,0,16,2,1,3,1,3,1,299,305.0,315.0,919,4,2
Praxis Precision Medicines Inc,0,7,2,1,2,1,2,1,200,215.0,215.0,630,2,1
Procept Biorobotics Corp,0,21,2,1,2,1,3,1,200,224.0,300.0,724,2,1
Porch Group Inc,0,38,2,1,2,1,2,1,225,227.0,215.0,667,2,1
Artisan Acquisition Corp,0,47,2,1,2,1,2,1,245,203.0,265.0,713,2,1
Perdoceo Education Corp,0,15,3,1,2,1,2,1,365,297.0,250.0,912,4,2
Shineco Inc,0,13,3,1,3,1,3,1,340,346.0,305.0,991,4,2
SiTime Corp,0,40,5,2,3,1,3,1,505,304.0,300.0,1109,4,2
Sirius XM Holdings Inc,0,31,2,1,3,1,2,1,240,302.0,205.0,747,2,1
Scienjoy Holding Corp,0,31,2,1,3,1,2,1,260,320.0,240.0,820,3,1
Powered Brands,0,47,2,1,2,1,2,1,235,231.0,250.0,716,2,1
Powell Industries Inc,0,16,5,2,2,1,2,1,500,240.0,215.0,955,4,2
Upwork Inc,0,36,2,1,2,1,2,1,275,264.0,278.0,817,3,1
USA Truck Inc,0,39,5,2,3,1,3,1,532,311.0,303.0,1146,4,2
US Gold Corp,0,33,4,2,2,1,3,1,400,240.0,300.0,940,4,2
Universal Stainless & Alloy Products Inc,0,33,2,1,2,1,2,1,238,231.0,200.0,669,2,1
US Energy Corp,0,17,4,2,2,1,3,1,438,265.0,315.0,1018,4,2
Usio Inc,0,41,2,1,2,1,2,1,285,245.0,240.0,770,3,1
United Therapeutics Corp,0,7,2,1,2,1,3,1,233,259.0,300.0,792,3,1
Urogen Pharma Ltd,0,7,2,1,2,1,2,1,210,251.0,290.0,751,3,1
Urban Outfitters Inc,0,38,3,1,3,1,3,1,335,300.0,300.0,935,4,2
Utime Ltd,0,16,2,1,2,1,2,1,217,200.0,200.0,617,2,1
Minerva Surgical Inc,0,21,2,1,2,1,2,1,205,201.0,210.0,616,2,1
UTStarcom Holdings Corp,0,11,3,1,3,1,3,1,340,310.0,365.0,1015,4,2
Uxin Ltd,0,38,2,1,2,1,2,1,203,202.0,225.0,630,2,1
Univest Financial Corp,0,5,3,1,3,1,3,1,331,322.0,305.0,958,4,2
Cheetah Mobile Inc,1,41,2,1,2,1,2,1,205,214.0,215.0,634,2,1
Commercial Metals Co,1,33,2,1,2,1,2,1,223,212.0,200.0,635,2,1
United States Lime & Minerals Inc,0,12,5,2,2,1,3,1,500,233.0,300.0,1033,4,2
Utah Medical Products Inc,0,21,2,1,2,1,2,1,240,236.0,250.0,726,2,1
Compass Minerals International Inc,1,33,5,2,3,1,3,1,505,302.0,320.0,1127,4,2
Concord Acquisition Corp,1,47,2,1,2,1,3,1,205,257.0,300.0,762,3,1
CNFinance Holdings Ltd,1,19,2,1,2,1,2,1,200,200.0,220.0,620,2,1
Conmed Corp,1,21,4,2,3,1,2,1,441,300.0,270.0,1011,4,2
Cinemark Holdings Inc,1,31,3,1,3,1,3,1,330,300.0,300.0,930,4,2
Cannae Holdings Inc,1,19,2,1,2,1,2,1,215,203.0,203.0,621,2,1
CNO Financial Group Inc,1,25,5,2,3,1,3,1,500,322.0,315.0,1137,4,2
CNA Financial Corp,1,25,5,2,3,1,3,1,540,329.0,340.0,1209,5,2
Costamare Inc,1,30,2,1,2,1,2,1,242,204.0,200.0,646,2,1
Granite Construction Inc,1,12,2,1,2,1,2,1,200,200.0,200.0,600,2,1
Fabrinet,1,16,5,2,2,1,2,1,510,209.0,210.0,929,4,2
Hyatt Hotels Corp,1,23,2,1,2,1,2,1,235,209.0,205.0,649,2,1
Hannon Armstrong Sustainable Infrastructure Capital Inc,1,37,6,3,4,2,3,1,646,404.0,313.0,1363,5,2
Hayward Holdings Inc,1,8,5,2,3,1,3,1,535,305.0,300.0,1140,4,2
Hamilton Beach Brands Holding Co,1,13,2,1,2,1,2,1,245,272.0,230.0,747,2,1
Warrior Met Coal Inc,1,32,2,1,2,1,2,1,215,200.0,200.0,615,2,1
Hci Group Inc,1,25,2,1,2,1,3,1,205,260.0,300.0,765,3,1
Hawaiian Electric Industries Inc,1,46,5,2,3,1,3,1,585,348.0,310.0,1243,5,2
Guidewire Software Inc,1,41,5,2,3,1,3,1,549,321.0,330.0,1200,5,2
Haemonetics Corp,1,21,4,2,3,1,3,1,448,303.0,305.0,1056,4,2
Holly Energy Partners LP,1,18,5,2,2,1,2,1,511,225.0,215.0,951,4,2
Hilton Grand Vacations Inc,1,23,3,1,2,1,2,1,305,288.0,250.0,843,3,1
Hillenbrand Inc,1,29,4,2,3,1,3,1,489,349.0,300.0,1138,4,2
Howard Hughes Corp,1,37,5,2,3,1,3,1,500,300.0,300.0,1100,4,2
HubSpot Inc,1,41,4,2,3,1,3,1,480,329.0,320.0,1129,4,2
Hess Midstream LP,1,18,3,1,2,1,2,1,307,257.0,255.0,819,3,1
HEICO Corp,1,0,2,1,2,1,2,1,225,203.0,205.0,633,2,1
